RoundNumber,HumiditySensorMeasuredRoomHumidity
0,10.2
1,45.06901385896903
2,59.06157207748426
3,65.2421161136779
4,39.39822022073491
5,57.05999450291791
6,35.60609507668411
7,55.63485744043434
8,35.44020828069179
9,54.584362032506604
10,35.030771790196
11,54.48730661004571
12,34.98385689797817
13,54.532762873259294
14,35.28980419768901
15,55.44423066625465
16,35.40829234295932
17,55.33188169235529
18,35.61843904813536
19,54.73389991312171