RoundNumber,EnergyConsumptionMeterMeasuredEnergyConsumption
0,0
1,16.0187542
2,16.0887342
3,60.140648150000004
4,60.289808150000006
5,104.34143005000001
6,104.60625505000002
7,148.65830100000002
8,148.89848600000002
9,192.95056000000002
10,193.20323000000002
11,237.2550587
12,237.4970587
13,281.5493494
14,281.8035594
15,325.85536609999997
16,326.09995109999994
17,370.15201794999996
18,370.38301794999995
19,414.43555559999993