RoundNumber,EnergyConsumptionMeterMeasuredEnergyConsumption
0,0
1,16.0186712
2,16.1076512
3,60.1595151
4,60.3460201
5,104.3986276
6,104.6710976
7,148.72280035
8,148.98097035
9,193.03247015
10,193.26556015
11,237.31768970000002
12,237.55957970000003
13,281.611393
14,281.876328
15,325.92825515
16,326.16833015
17,370.22001969999997
18,370.4668597
19,414.51905195