RoundNumber,RoomHumidity
0,10.2
1,44.55302291303559
2,58.873318285843375
3,36.631845768138916
4,55.57228593526726
5,35.638679832994214
6,54.85765864643656
7,35.51591509424382
8,55.25450191112875
9,34.70706582990725
10,54.948419929178144
11,34.65996301031569
12,54.924082393421536
13,34.706707904973435
14,55.229291445278584
15,35.62573397227315
16,55.35032715744932
17,35.51138250469365
18,55.56156949006689
19,34.89812582360702