RoundNumber,RoomHumidity
0,10.2
1,44.56358968104423
2,58.88813511074948
3,36.638632278208604
4,55.57024034373541
5,35.626410001289074
6,54.851452592034974
7,35.51741953747424
8,55.252915252496585
9,34.7131671328714
10,54.953338539061896
11,34.658443998598074
12,54.923444920858586
13,34.712193853327555
14,55.23037634884275
15,35.624773493415006
16,55.35047909380378
17,35.51587406408794
18,55.56152842535994
19,34.90210404926773