RoundNumber,TemperatureSensor2MeasuredRoomTemperature
0,17.7
1,18.566533414198283
2,15.264223750278088
3,18.745177790254836
4,15.258458897663257
5,19.145957335302292
6,15.28574039251855
7,18.74870909206428
8,14.650379412691853
9,19.05330950269682
10,14.826652369820058
11,19.115654286669397
12,14.971737688045371
13,18.81181658257022
14,14.587911691954222
15,18.902156600579705
16,14.607921144923031
17,18.54784841832858
18,14.608429120165189
19,18.77799157989733