RoundNumber,HumiditySensorMeasuredHumidity
0,10
1,19.2662036627578
2,38.736743819548295
3,48.21798846801135
4,66.9123718275055
5,86.49213029631122
6,106.12874171691574
7,125.27591466236399
8,145.21092837740193
9,165.43061917788447
10,185.99346931063644
11,205.9263472572683