RoundNumber,EnergyConsumption
0,0
1,2267.5303725
2,926.5320777
3,2295.5619954
4,953.5736232
5,2326.0924245
6,981.60139005
7,2350.1449806