RoundNumber,EnergyConsumption
0,0
1,2270.0246880000004
2,927.04150545
3,2295.5740640999998
4,957.0776811
5,2324.6070624
6,985.62358305
7,2354.1533664