RoundNumber,HumiditySensorMeasuredRoomHumidity
0,69.99999999999994
1,69.99999999999994
2,69.99999999999994
3,69.99999999999994
4,69.99999999999994
5,69.99999999999994
6,69.99999999999994
7,70.00000000000006