RoundNumber,EnergyConsumptionMeterMeasuredEnergyConsumption
0,0
1,16.0017558
2,16.0113558
3,60.066070350000004
4,63.42508535
5,63.42508535
6,107.47992805
7,110.81177305
8,110.81177305
9,154.86662454999998
10,157.94805455
11,157.94805455
12,202.00274765
13,205.49134265
14,205.49134265
15,249.5459868
16,253.24798180000002
17,253.24798180000002
18,297.30253905
19,316.8514599