RoundNumber,HumiditySensorMeasuredRoomHumidity
0,10.2
1,44.394429980004894
2,58.77233295726114
3,36.56235830742507
4,55.1239519866243
5,63.90775968426497
6,38.55038778551934
7,56.415379090122556
8,64.27460333673123
9,38.55332211016618
10,56.08960012765011
11,63.61387594224424
12,38.90724500439228
13,55.79313963775445
14,64.33146729425209
15,39.503837508067456
16,56.525780432539925
17,64.48399007567706
18,39.553086586131364
19,54.075214160449256