RoundNumber,RoomHumidity
0,10.2
1,46.71894742662139
2,59.77159486004732
3,36.99272102710595
4,55.29202165217588
5,63.9801360431654
6,38.58125347337119
7,56.48629264657773
8,64.30346186144291
9,38.5646201726694
10,56.1819503758471
11,63.65337461646774
12,38.92418922783486
13,55.76664640434296
14,64.31928237290396
15,39.49870604213667
16,56.472774493154745
17,64.45974602773511
18,39.542979260538154
19,54.07036890305849