RoundNumber,TemperatureSensor2MeasuredRoomTemperature
0,17.7
1,18.35854108194141
2,15.173969833960655
3,18.713811532421023
4,15.328250343709758
5,13.481910657604878
6,18.543199082139644
7,14.550362788081976
8,12.838021554866131
9,18.281276321701625
10,14.58031172358171
11,13.316035849689074
12,18.17139445974871
13,14.601917649500903
14,12.770113247730439
15,18.12659286544841
16,14.382423081023962
17,12.75784789314943
18,17.811064876527805
19,18.59577295138299