RoundNumber,TemperatureSensor2MeasuredRoomTemperature
0,17.7
1,18.248355919121675
2,15.126605180691069
3,18.693691185436585
4,15.318962326427272
5,13.477947952972157
6,18.541435624836158
7,14.5605659721955
8,12.842101024297264
9,18.282862322605833
10,14.598537980286135
11,13.32383337577013
12,18.17473915692127
13,14.596526005359033
14,12.767650053764239
15,18.125549074590687
16,14.371881877659982
17,12.75305979473182
18,17.809051461287062
19,18.5948771674916