RoundNumber,HumiditySensorMeasuredRoomHumidity
0,10.2
1,44.900754313075424
2,58.9878112132882
3,36.65453410815459
4,55.46804756500925
5,64.05415365288721
6,38.612931930412934
7,56.75674017801436
8,64.41999515430128
9,38.61505459302427
10,56.416020740594156
11,63.75301725801125
12,38.96621636018106
13,56.04114097553743
14,64.43556376708851
15,39.54802547734887
16,56.79248531291392
17,64.59744113276871
18,39.600729910339766
19,56.3229857732129