RoundNumber,HumiditySensorMeasuredRoomHumidity
0,10.2
1,45.3921728758994
2,59.20326328190725
3,36.7482987888233
4,55.376473214710614
5,64.01743297468447
6,38.59792605701299
7,56.68066187147363
8,64.38862479824806
9,38.601876811477354
10,56.36168167898408
11,63.731068243990315
12,38.95751555005166
13,56.004410691946646
14,64.42181673350537
15,39.54251751422185
16,56.73267650634619
17,64.57252154595272
18,39.59074612584972
19,56.173088676066364