RoundNumber,EnergyConsumptionMeterMeasuredEnergyConsumption
0,0
1,24.0298215
2,48.073038
3,72.1153041
4,120.1846239
5,144.2387427
6,168.28053359999998
7,216.3495006
8,240.4009329
9,264.4421595
10,312.50939189999997
11,336.5565855
12,360.5960004
13,408.6663786
14,432.7179303
15,456.7582065
16,504.82749689999997
17,528.8797053
18,552.9209913
19,600.9924278999999