RoundNumber,EnergyConsumptionMeterMeasuredEnergyConsumption
0,0
1,24.029845199999997
2,24.134335199999995
3,72.1922226
4,72.37192259999999
5,120.43021259999999
6,120.58207259999999
7,168.6407238
8,168.7910838
9,216.8509872
10,216.8605872
11,264.9204534
12,264.93059339999996
13,312.9904896
14,313.0031496
15,361.0630488
16,361.0736088
17,409.1334708
18,409.2464508
19,457.3063158