RoundNumber,HumiditySensorMeasuredRoomHumidity
0,10.2
1,44.40756699586198
2,58.810809240495004
3,36.594707234891395
4,55.5542974892597
5,35.610034994242
6,54.861070517900124
7,35.49657266302608
8,55.258899059486446
9,34.675457978294624
10,54.963547694335695
11,34.629752664820785
12,54.93841146838962
13,34.681338112601246
14,55.24695231441721
15,35.59665810497916
16,55.367158533884115
17,35.485692267763675
18,55.56634273334083
19,34.87312498925734