RoundNumber,HumiditySensorMeasuredRoomHumidity
0,10.2
1,44.40957826190378
2,58.77857187487118
3,36.56537485588698
4,27.063089644618245
5,51.8364884367286
6,33.36139965477433
7,26.234216452097677
8,51.29178831623408
9,32.97150156545984
10,25.7322965473987
11,50.55516312860931
12,33.29254167519134
13,25.369674567937142
14,51.243056123845456
15,33.87658172578554
16,26.128639311668348
17,51.407684549360276
18,33.93113088423062
19,25.565450788926018