RoundNumber,TemperatureSensor2MeasuredRoomTemperature
0,17.7
1,21.431394974926043
2,16.499253209259887
3,20.41745572861638
4,15.977477708638817
5,20.596336950980405
6,15.907022345615202
7,20.160598916776102
8,15.25506996072892
9,20.460498982432952
10,15.426545682621763
11,20.51972565599936
12,15.570208976941558
13,20.21641605457674
14,15.185546005245111
15,20.305247676234433
16,15.205642857542337
17,19.95143371234503
18,15.208575776597028
19,20.181573343210335