RoundNumber,EnergyConsumptionMeterMeasuredEnergyConsumption
0,0
1,17.50447375
2,49.55185374999999
3,71.08907814999999
4,103.14182095
5,119.17587035
6,138.6966402
7,170.7469476