RoundNumber,EnergyConsumptionMeterMeasuredEnergyConsumption
0,0
1,12.51575225
2,32.54075225
3,43.5641636
4,60.586718000000005
5,71.60034470000001
6,84.12513455000001
7,104.15013455000002