RoundNumber,HumiditySensorMeasuredRoomHumidity
0,10.2
1,44.39442641578041
2,30.272379931023316
3,50.39418385911905
4,33.01665641544273
5,54.396010507522504
6,62.95709479726705
7,38.96453426578695