RoundNumber,HumiditySensorMeasuredRoomHumidity
0,10.2
1,44.394424198120205
2,58.767204312325546
3,65.05658685530757
4,67.81575584266925
5,69.36293387696448
6,69.39342264384013
7,70.22920801010893