RoundNumber,HumiditySensorMeasuredRoomHumidity
0,10.2
1,44.59630903106629
2,30.36101317961178
3,52.818257978311415
4,34.056145608248976
5,54.81261198455583
6,34.64023804009395
7,55.24997560026853
8,35.27439459041425
9,54.547788356724084
10,35.01354875645299
11,54.51469290115956
12,34.99393365015673
13,54.569728836974605
14,35.304466437433724
15,55.48207286703072
16,35.42300434816902
17,55.36733722235296
18,35.632693506418256
19,54.75587966875643