RoundNumber,HumiditySensorMeasuredRoomHumidity
0,10.2
1,45.11483956829742
2,59.23047332542578
3,65.25715798488811
4,39.442418288000546
5,57.03730564930844
6,64.0951405385402
7,39.5242680375435
8,56.76694501120319
9,63.82395290886398
10,39.00256875683065
11,56.0354647372804
12,64.14631265731121
13,38.69160879436104
14,56.80177092051349
15,64.76357243846543
16,39.41393685208761
17,56.98542205009539
18,64.82651502455346
19,38.898750745171526