RoundNumber,EnergyConsumptionMeterMeasuredEnergyConsumption
0,0
1,16.019200599999998
2,32.10163
3,72.2109685
4,88.39411330000001
5,128.50351030000002
6,144.67813930000003
7,184.78925230000004
8,200.95631170000004
9,241.06364170000006
10,257.22442630000006
11,297.33245830000004
12,313.5120175
13,353.6307355
14,369.8005339
15,409.9142989
16,426.0864379
17,466.1975899
18,482.3603665
19,522.4756525