RoundNumber,RoomHumidity
0,10.2
1,44.53043833508481
2,58.867988183702664
3,36.62080107086954
4,55.55683021171058
5,35.6179757326718
6,54.853046946849496
7,35.503232792410344
8,55.25221381517965
9,34.699040573515575
10,54.94770987368332
11,34.65134610509171
12,54.92491025432008
13,34.698896042660444
14,55.22916479835699
15,35.61689250740856
16,55.35304917439802
17,35.50610182321936
18,55.55938303528225
19,34.892658866538234