RoundNumber,RoomHumidity
0,10.2
1,44.496193045473746
2,58.84520696602669
3,36.60707492469953
4,55.557552957372216
5,35.61267840081031
6,54.85826539644654
7,35.501271491521756
8,55.257868416284545
9,34.69305507037216
10,54.953856462150185
11,34.6438137954408
12,54.92488215476604
13,34.697749646615875
14,55.23590414718215
15,35.6120738830647
16,55.35403099929898
17,35.49879397833829
18,55.565261585030576
19,34.892524896171494