RoundNumber,TemperatureSensor2MeasuredTemperature
0,27.7
1,10
2,28.081304675719828
3,12.712557483140207
4,24.654458854520062
5,23.135021928506408
6,25.32395273498308
7,25.45126983730218
8,26.40738264388155
9,26.666749048520415
10,28.684816318437363
11,26.009311088869854